"id","date","polity","event","confidence","core_sources","modern_direction","cause","consequence","target","source_caveat","tier"
"WZ-1046-MUYE","约前1046年","周与商","牧野之战，商亡","综合估算","尚书·牧誓；史记·周本纪；利簋","Shaughnessy 金文与传世材料；断代工程争议","商末多线压力与周方联盟","周必须接管东方旧商网络","states/royal-court/foundation-and-regency.tex","传世叙事与出土或物质材料可交叉核对最小事实；器物、文本的年代与出土语境，以及其同叙事的对应，仍须逐项核验。","A"
"WZ-1043-WUWANG-DEATH","约前1043年","周","武王死，成王年幼","综合估算","史记·周本纪；尚书·金縢","周初王年与继承研究","征服后继承安排脆弱","周公摄政与三监危机","states/royal-court/foundation-and-regency.tex","后出史学编纂可维系事件序列；其取舍、正统叙事与人物塑形不能单独确证动机、数字或细节。","C"
"WZ-1040-DONGZHENG","约前1042—前1036年","周与东方诸方","三监之乱、周公东征","相对次序可靠","尚书·大诰、康诰、酒诰、梓材；史记；大盂鼎","周初东征与殷遗民安置研究","幼主摄政、旧商势力与宗室不信任","重组东方控制与封国网络","states/royal-court/foundation-and-regency.tex","传世叙事与出土或物质材料可交叉核对最小事实；器物、文本的年代与出土语境，以及其同叙事的对应，仍须逐项核验。","C"
"WZ-EAST-CHENGZHOU","约前1040年","周","营建成周与东方安置","相对次序可靠","尚书·召诰、洛诰；何尊；逸周书·作雒","何尊、洛阳考古与双都研究","东征后需控制东方并安置殷遗民","宗周—成周双中心与东方网络","states/eastern-network/settlement-and-enfeoffment.tex","传世文献可保存政治语言或仪式传统；成文、传本与语境层次须辨明，不能直接还原事件现场。","A"
"WZ-CHENGKANG-CONSOLIDATION","成王、康王时期","周","周初秩序巩固、王命与赏赐网络","王年细节有争议","何尊；大盂鼎；史记·周本纪","西周早期金文、王命册命与政治网络研究","东征后需把临时胜利转为可反复确认的城邑、封国与受命关系","宗周—成周双中心及封国网络得以运转；维系成本同时累积","states/royal-court/cheng-kang-mu.tex","传世叙事与出土或物质材料可交叉核对最小事实；器物、文本的年代与出土语境，以及其同叙事的对应，仍须逐项核验。","C"
"WZ-MU-TRAVELS","穆王时期","周","巡行、征伐与王权远方记忆","材料层次不一","西周中期王命、军旅金文；史记·周本纪；穆天子传","穆天子传的文本层累与西周巡行、政治网络研究","王室须以巡行、军政行动和赏赐维系远方政治体对中心的感知","后世形成强王西行想象；跨区域王权的转运、接待与征调成本显形","states/royal-court/cheng-kang-mu.tex","传世叙事与出土或物质材料可交叉核对最小事实；器物、文本的年代与出土语境，以及其同叙事的对应，仍须逐项核验。","B"
"WZ-0977-ZHAONAN","昭王在位晚期","周与南方政治体","昭王南征失利，丧师汉水","王年推定","史记·周本纪；竹书纪年；左传昭公十三年","南方铜器与周楚关系研究","南方资源、威望与政治控制需求","军力与王权威望受损","frontiers/southern-expansion.tex","传世叙事保存事件顺序与政治记忆；成书、编纂与文学化使对白、动机、数字和精确细节不可视为现场记录。","C"
"WZ-XUAN-REVIVAL","前828年以后","周","料民、对玁狁战争与中兴尝试","即位年较可靠；战事与行政细节有争议","国语·周语上；诗经·小雅·六月、出车、采薇；史记·周本纪；西周晚期金文","晚西周边疆、人口控制与《诗经》军旅诗研究","共和后重建、兵源税源与西北边防压力","危机被暂时延缓但未消除；西周晚期动员成本持续","frontiers/western-pressure.tex","传世叙事与出土或物质材料可交叉核对最小事实；器物、文本的年代与出土语境，以及其同叙事的对应，仍须逐项核验。","B"
"WZ-0841-GONGHE","前841年","周","厉王出奔与共和行政","可靠纪年","国语·周语上；史记·周本纪；竹书纪年","共和与共伯和争论；晚西周贵族政治","资源政策、表达压制和中心信任危机","连续纪年锚点；王权受制信号","states/royal-court/late-crises.tex","传世叙事保存事件顺序与政治记忆；成书、编纂与文学化使对白、动机、数字和精确细节不可视为现场记录。","A"
"WZ-0828-XUAN-ACCESSION","前828年","周","宣王即位","可靠纪年","史记·周本纪；竹书纪年","西周王年与共和后继承研究","共和结束后的继承重建","中兴叙事与边防动员","frontiers/western-pressure.tex","后出史学编纂可维系事件序列；其取舍、正统叙事与人物塑形不能单独确证动机、数字或细节。","B"
"WZ-0771-HAOJING","前771年","周、申、犬戎等","镐京陷落，幽王死","可靠纪年","国语·周语；左传昭公二十六年；史记·周本纪；诗经小雅","Li Feng 西周危机；烽火传说辨伪","继承危机、军事分权、边疆压力和申侯联盟","西周结束，王室东迁","states/royal-court/late-crises.tex","传世叙事保存事件顺序与政治记忆；成书、编纂与文学化使对白、动机、数字和精确细节不可视为现场记录。","A"
"SA-0770-EAST","前770年","东周","平王东迁洛邑","可靠纪年","史记·周本纪；竹书纪年","东周初年政治合法性研究","镐京无法恢复，关中失守","周成礼仪中心，春秋开始","../spring-autumn/common/chronology-770-632.tex","后出史学编纂可维系事件序列；其取舍、正统叙事与人物塑形不能单独确证动机、数字或细节。","A"
"WZ-1030S-ZHOUGONG-RETURN","周初东征后（约前11世纪中叶；绝对年不定）","周","周公归政成王，摄政安排结束","相对次序可靠；具体年分歧大","尚书·金縢；史记·周本纪；逸周书相关篇章","周初摄政叙事的文本层累；金文与传世文献互证","触发因素：东征与东方重组告一段落；制度条件：成年王须亲自承接册命与祭祀权威","直接后果：王权由摄政转入成王亲政；中期影响：周公的摄政先例成为后世解释王权与宗支关系的资源","states/royal-court/foundation-and-regency.tex","后出史学编纂可维系事件序列；其取舍、正统叙事与人物塑形不能单独确证动机、数字或细节。","C"
"WZ-EAST-ENFEOFFMENT","周初至成康时期","周与东方封国","以宗亲、功臣及旧商贵族为节点重组封国网络","总体过程可靠；各国始封时间与受封者常有争议","尚书·康诰、酒诰、梓材；史记相关世家；鲁侯簋、燕侯等金文；鲁、燕、齐及琉璃河等考古","分封概念的再检讨；封国、迁民与地方社会的考古比较","结构性原因：征服者需在交通和文书能力有限时连接东方；使能条件：宗族关系、军事驻屯与旧商人群的重新编入","直接后果：地方精英获得可继承的政治节点；中期影响：王室可借封国经营东方，也须长期付出册命、赏赐与调停成本","states/eastern-network/enfeoffment-network.tex","传世叙事与出土或物质材料可交叉核对最小事实；器物、文本的年代与出土语境，以及其同叙事的对应，仍须逐项核验。","B"
"WZ-CHENG-ROYAL-CEREMONY","成王时期（约前11世纪中叶；绝对年不定）","周","成王在成周举行告成、册命与东方经营仪式","相对次序较可靠；对应单一年份不可确证","尚书·召诰、洛诰；逸周书·作雒；何尊","成周营建阶段与《召诰》《洛诰》成文层次研究","触发因素：成周建设与东方安置需要可见的王室确认；政治条件：新城须被纳入宗庙、朝会和命令网络","直接后果：成周成为王室在东方行使仪式与政治权威的场所；中期影响：宗周—成周双中心格局更为稳定","states/eastern-network/chengzhou-and-eastern-settlement.tex","传世文献可保存政治语言或仪式传统；成文、传本与语境层次须辨明，不能直接还原事件现场。","B"
"WZ-HE-ZUN","成王时期说（绝对年与王年仍有讨论）","周","何尊铸铭，留下“宅兹中国”及王命活动的早期记录","器铭可靠；释文、王年与所指空间有争议","何尊铭文及器物考古资料；尚书·召诰、洛诰","何尊释读与“中国”语义史；早期西周王都空间研究","使能条件：册命、祭祀与赏赐需以青铜礼器保存政治记忆","直接后果：为王室东向经营和王命仪式提供同时代材料；中期影响：后世以单一词语概括早周疆域时须警惕语境差异","states/eastern-network/bronze-evidence-and-institutional-balance.tex","传世叙事与出土或物质材料可交叉核对最小事实；器物、文本的年代与出土语境，以及其同叙事的对应，仍须逐项核验。","B"
"WZ-KANG-ACCESSION","康王初立（约前11世纪末；绝对年依王年体系而异）","周","成王死后康王继位，早周王位再度交接","相对次序可靠；绝对年代为推算","史记·周本纪；今本竹书纪年；大盂鼎等早周金文","西周王年重建；成康政治稳定叙事的证据边界","触发因素：成王死后需完成宗庙与朝廷认可的继承；结构性条件：周初网络尚依王室持续册命维系","直接后果：王命、赏赐和征伐得以延续；中期影响：“成康之治”的后世叙事遮蔽了其具体行政成本","states/royal-court/cheng-kang-mu.tex","传世叙事与出土或物质材料可交叉核对最小事实；器物、文本的年代与出土语境，以及其同叙事的对应，仍须逐项核验。","B"
"WZ-KANG-GUIFANG","康王时期说（具体王年未定）","周与鬼方等北方政治体","王室组织对鬼方的军事行动","金文所记行动可靠；敌名、规模与地望有争议","小盂鼎铭文；史记·周本纪相关叙述","鬼方名称、北方地理与西周早期战争动员研究","结构性原因：北方通道和牧业边缘的安全、资源与威望竞争；使能条件：王室可动员贵族军队与后勤","直接后果：战争功劳被转化为赏赐与礼器记忆；中期影响：北方防务成为王室常态化负担，而非一次性平定","frontiers/western-pressure.tex","传世叙事与出土或物质材料可交叉核对最小事实；器物、文本的年代与出土语境，以及其同叙事的对应，仍须逐项核验。","B"
"WZ-DA-YU-DING","康王时期说（具体年代仍有讨论）","周","大盂鼎铸成，记录王命、赏赐与对贵族的训诫","器铭可靠；王名、制度术语与情境解释有争议","大盂鼎铭文及器物资料","早周册命、族权与礼器政治；金文制度语汇研究","使能条件：王室以册命、财物和祖先祭祀确认贵族责任与地位","直接后果：王命可被受命者家族长期保存并重述；中期影响：金文成为理解早周权力并非纯粹口头命令的重要证据","states/royal-court/cheng-kang-mu.tex","出土或物质材料可确认器物、称号、文本或局部实践；年代、出土语境和外推范围有限，不能单独复原完整事件过程。","B"
"WZ-MU-DOG-RONG","穆王时期说（王年与战事次序有争议）","周与犬戎等西北政治体","穆王西征及与犬戎相关的征伐记忆","传世记载较晚；具体战事不宜确证","今本竹书纪年；史记·周本纪；穆天子传（后出文本）","穆王西征叙事的形成；“犬戎”泛称与西北考古研究","结构性原因：西北边缘的交通、牧业资源和安全竞争；材料条件：后出叙事将多次接触压缩为王者远征","直接后果：王室西行被写入跨区域权威的记忆；中期影响：不能据此直接画定西周西北疆界或认定单一敌对集团","frontiers/western-pressure.tex","后出史学编纂可维系事件序列；其取舍、正统叙事与人物塑形不能单独确证动机、数字或细节。","B"
"WZ-MID-HUAIYI","西周中期（约前10世纪；王年未定）","周与淮夷等东方、东南政治体","王室和贵族对淮夷方向的征伐与防御","金文所见行动较可靠；连续战争叙事和地望有争议","麦方尊、夨令方尊等金文；史记相关叙述","淮夷名称、东南地理与金文战争记载研究","结构性原因：东南通道、资源与地方政治体并存；使能条件：封国和王室军队可协同或各自行动","直接后果：战功、俘获与赏赐进入贵族铭文；中期影响：东方并未因周初安置而成为无摩擦的腹地","frontiers/southern-expansion.tex","传世叙事与出土或物质材料可交叉核对最小事实；器物、文本的年代与出土语境，以及其同叙事的对应，仍须逐项核验。","B"
"WZ-EASTERN-ROYAL-PRESENCE","西周中期（约前10世纪；连续年代不明）","周与东方封国","王室在成周及东方持续举行册命、朝会和军事调度","过程可靠；单次活动多不能系年","西周中期金文；成周遗址与相关考古；传世周书","双都运作、东方驻守与金文地名网络研究","结构性原因：封国并不替代王室的直接在场；使能条件：成周提供朝会、仓储和调兵的节点","直接后果：东方贵族与王室维持直接联系；中期影响：成周既是整合枢纽，也显出维持跨区域网络的物流与人力成本","states/eastern-network/chengzhou-and-eastern-settlement.tex","出土或物质材料可确认器物、称号、文本或局部实践；年代、出土语境和外推范围有限，不能单独复原完整事件过程。","B"
"WZ-MID-BRONZE-PRODUCTION","西周中期（约前10世纪；为持续过程）","周及各地贵族网络","青铜礼器生产、原料调度与工匠组织扩大并区域化","考古趋势可靠；产量、控制方式与具体年份不定","周原、成周及诸侯墓地出土器物；铸铜遗址资料；金文","青铜供应链、铸造技术与王室—地方工坊关系研究","结构性原因：祭祀、册命和战争奖赏持续需要可见的礼器；使能条件：矿料、运输、工匠和贵族消费网络相互配合","直接后果：礼器成为政治记忆与资源集中能力的物质载体；中期影响：地方贵族也能以器物和铭文展示自身地位","common/economy-society.tex","出土或物质材料可确认器物、称号、文本或局部实践；年代、出土语境和外推范围有限，不能单独复原完整事件过程。","C"
"WZ-QIU-WEI-TRANSACTIONS","西周中期至晚期（具体王年有争议）","周王畿贵族社会","裘卫诸器记录财物、土地与人身役属相关的交换","器铭可靠；交易性质与术语解释有争议","裘卫诸器铭文","西周交换、贝币、土地权利与役属关系研究","使能条件：贵族拥有可记录、可交割的贝、田地和役使资源；材料限度：器铭仅呈现精英交易一端","直接后果：显示赏赐之外存在复杂的资源交换与债务关系；中期影响：纠正把西周经济简化为单一贡纳体系的印象","common/economy-society.tex","出土或物质材料可确认器物、称号、文本或局部实践；年代、出土语境和外推范围有限，不能单独复原完整事件过程。","B"
"WZ-SANSHI-BOUNDARY-CASE","西周晚期（约前9世纪；具体王年未定）","周王畿贵族社会","散氏盘记载田界争议、赔偿与盟誓式解决","器铭可靠；地望、诉讼程序与社会范围有争议","散氏盘铭文","西周土地边界、纠纷解决与法律性仪式研究","触发因素：相邻贵族对田界和资源权利发生争执；使能条件：以誓约、见证和铭文固定解决方案","直接后果：争议被转换为可追认的边界文本；中期影响：说明贵族秩序依赖协商和程序，不只是王命单向下达","common/economy-society.tex","出土或物质材料可确认器物、称号、文本或局部实践；年代、出土语境和外推范围有限，不能单独复原完整事件过程。","B"
"WZ-ZHAO-FIRST-SOUTH","昭王时期（约前10世纪后段；具体战次不定）","周与南方政治体","昭王在汉水以南方向发动或参与多次军事行动","多次行动的轮廓可信；次数、路线和目标有争议","史记·周本纪；今本竹书纪年；南方青铜器与考古材料","昭王南征次数与年代；周—楚关系及南方资源网络研究","结构性原因：南方铜料、交通与政治威望的竞争；使能条件：王室仍能远程动员并依赖水陆通道","直接后果：为后来的汉水败亡提供军事背景，但不可将每次行动串成无间断战役；中期影响：南方扩张的风险上升","frontiers/southern-expansion.tex","传世叙事与出土或物质材料可交叉核对最小事实；器物、文本的年代与出土语境，以及其同叙事的对应，仍须逐项核验。","B"
"WZ-LI-EHOU-YU","厉王时期说（约前9世纪；具体王年未定）","周与鄂侯、南方政治体","鄂侯驭方相关冲突及王室军事处置","金文所记冲突可靠；人物身份、战争范围与原因有争议","禹鼎、鄂侯驭方器等金文；史记·周本纪相关叙述","鄂侯驭方事件、南方政治地理与厉王时期研究","触发因素：王室与区域贵族、南方政治体之间的权力和资源冲突；材料限度：铭文多从胜方与受赏者角度叙述","直接后果：军事胜利与贵族功劳被铸入礼器；中期影响：显示晚西周南方控制仍须反复动员","frontiers/southern-expansion.tex","传世叙事与出土或物质材料可交叉核对最小事实；器物、文本的年代与出土语境，以及其同叙事的对应，仍须逐项核验。","B"
"WZ-LI-RESOURCE-POLICY","厉王时期（前841年以前；具体政策时间不明）","周","后出史书归因的“专利”、用人和民怨叙事形成","事件结局可靠；政策细节与因果链高度有争议","国语·周语上；史记·周本纪；竹书纪年","厉王“专利”含义、国人概念与晚西周财政政治研究","结构性原因：王室在边防、赏赐和朝廷竞争中面对资源压力；触发因素：后出叙事将冲突集中到政策与谏诤人物","直接后果：贵族、国人与王室关系恶化的记忆汇入共和危机；中期影响：不可把后世道德化叙事直接还原为现代意义的经济垄断","states/royal-court/late-crises.tex","传世叙事保存事件顺序与政治记忆；成书、编纂与文学化使对白、动机、数字和精确细节不可视为现场记录。","C"
"WZ-XUAN-NORTH-CAMPAIGN","宣王时期（前828年以后；战年多有争议）","周与玁狁等北方政治体","王师及尹吉甫等贵族在北方的征伐、戍守与凯旋叙事","诗歌和金文反映军旅活动；战次、战果与地望有争议","诗经·小雅·六月、采薇、出车；不其簋等金文","玁狁名号、诗歌体裁与晚西周北方战争研究","结构性原因：西北边防、交通线和兵源压力；使能条件：共和后重新集结王室与贵族动员网络","直接后果：中兴话语获得可歌咏的军功；中期影响：频繁戍守显示边防并未被一役解决","frontiers/western-pressure.tex","传世叙事与出土或物质材料可交叉核对最小事实；器物、文本的年代与出土语境，以及其同叙事的对应，仍须逐项核验。","B"
"WZ-XUAN-HUAIYI","宣王时期说（具体王年未定）","周与淮夷等东方、东南政治体","《江汉》《常武》等所见南方、东南方向的军政行动","诗歌可见战争记忆；对应战役和人物行迹有争议","诗经·大雅·江汉、常武；晚西周金文","《诗经》军旅诗的成诗背景；宣王对淮夷关系研究","结构性原因：王室重建威望时仍需回应边缘政治体与封国安全；材料条件：诗歌采用颂扬性叙述","直接后果：王室将军事行动表述为恢复秩序；中期影响：南北同时动员加重资源和协调压力","frontiers/southern-expansion.tex","传世叙事与出土或物质材料可交叉核对最小事实；器物、文本的年代与出土语境，以及其同叙事的对应，仍须逐项核验。","B"
"WZ-XUAN-JIANGRONG-SETBACK","宣王晚期说（传统系年前8世纪初；绝对年与战事待考）","周与姜戎等西北政治体","后出材料所记王师在千亩或相关西北战事中的受挫","传世叙事较晚；地点、敌名与结局不可确证","国语·周语上；今本竹书纪年；史记·周本纪","千亩之战真伪与地望；姜戎名称及晚西周军事衰退研究","结构性原因：长期边防动员和王室资源紧张；材料限度：后世将多重危机压缩为一次败战","直接后果：中兴叙事出现反向记忆；中期影响：为幽王时期的西部危机提供背景，不能视作其唯一原因","frontiers/western-pressure.tex","传世叙事保存事件顺序与政治记忆；成书、编纂与文学化使对白、动机、数字和精确细节不可视为现场记录。","B"
"WZ-SHIQIANG-PAN","西周中期说（通常系恭王前后；绝对年不定）","周","史墙盘铸成，以王系叙述和家族功绩连接祖先、王室与受命者","器铭可靠；作器年代、王序与政治含义有争议","史墙盘铭文及器物资料","史墙盘王年、王统叙事与家族记忆研究","使能条件：贵族家族以礼器将自身服务史嵌入王室谱系","直接后果：提供西周王系与政治记忆的关键金文材料；中期影响：显示“王统”并非只由后世史家书写，也在贵族礼器中被塑造","common/culture-thought.tex","出土或物质材料可确认器物、称号、文本或局部实践；年代、出土语境和外推范围有限，不能单独复原完整事件过程。","B"
"WZ-MAO-GONG-DING","西周晚期说（通常系宣王；具体年代有讨论）","周","毛公鼎铸成，记录王对毛公的长篇命令与托付","器铭可靠；王名、文本结构和具体政务背景有争议","毛公鼎铭文及器物资料","晚西周命书体、官僚协作与王权修复研究","触发因素：晚西周朝廷需重申官员责任与王命程序；使能条件：长篇铭文可把命令保存为家族凭据","直接后果：为理解宣王时期政治语言提供一手材料；中期影响：王权越需要反复训诫与托付，越可见其治理依赖中介贵族","states/royal-court/late-crises.tex","出土或物质材料可确认器物、称号、文本或局部实践；年代、出土语境和外推范围有限，不能单独复原完整事件过程。","B"
"WZ-WESTERN-ZHOU-ODES","西周中晚期作品层；《诗经》编定远后","周及诸侯社会","雅、颂中若干作品形成并保存朝会、祭祀、征伐与农事记忆","部分篇章可联系西周；作者、年代和原始场合常有争议","诗经·大雅、小雅、周颂、鲁颂；毛传、郑笺为后世注释","《诗经》成诗年代、礼仪场合与传承层累研究","使能条件：朝会、祭祀和军旅提供可反复演唱的政治语言；材料限度：今本编次与西周原始表演不可等同","直接后果：王室与贵族的秩序观念以歌诗传播和留存；中期影响：后世以《诗经》复原西周时必须区分作品层与汉代以来解释","common/culture-thought.tex","传世文献可保存政治语言或仪式传统；成文、传本与语境层次须辨明，不能直接还原事件现场。","B"
"WZ-LATE-RITUAL-HIERARCHY","西周中晚期（为长期过程）","周及诸侯贵族社会","墓葬、礼器组合与铭文显示贵族身份呈现日益制度化且地域有别","考古趋势可靠；礼制是否全国统一及其与文献礼制关系有争议","周原、丰镐、成周及诸侯墓地考古；金文","西周墓葬等级、性别与宗族；“礼制化”模式的区域差异研究","结构性原因：继承、祭祀与政治服务需以可见程序区分身份；使能条件：地方贵族拥有组织墓葬和礼器的资源","直接后果：身份与家族记忆被物质化；中期影响：后世“周礼”理想可借此找到材料，却不能抹平各地实践差异","common/culture-thought.tex","出土或物质材料可确认器物、称号、文本或局部实践；年代、出土语境和外推范围有限，不能单独复原完整事件过程。","C"
"WZ-WESTERN-CAPITAL-ECONOMY","西周中晚期（为持续过程）","宗周王畿与周原、丰镐地区","王畿聚落、仓储、手工业和交通支撑王室祭祀、赏赐与征伐","考古可见趋势；行政规模、赋役比例与人口数字不可确证","周原遗址、丰镐遗址考古；金文；诗经相关篇章","西周王畿经济、聚落层级与物资征调研究","结构性原因：双都、军队和礼仪网络需要稳定的粮食、工匠与运输供给","直接后果：王室得以维持跨区域命令与礼器生产；中期影响：当边防和政治危机加剧，王畿供给能力成为权力能否兑现的限制","common/economy-society.tex","传世叙事与出土或物质材料可交叉核对最小事实；器物、文本的年代与出土语境，以及其同叙事的对应，仍须逐项核验。","B"
"WZ-771-SUCCESSION-CRISIS","幽王时期（前771年以前；具体过程多为后出叙事）","周、申、褒及相关贵族集团","幽王废申后、立褒姒子伯服的继承冲突逐步公开化","继承危机轮廓可信；人物动机和细节争议很大","国语·郑语、周语；史记·周本纪；左传昭公二十六年","幽王废立、申侯角色与褒姒故事的叙事化研究","结构性原因：王室继承牵连外戚、诸侯与宗支资源；触发因素：嫡庶与婚姻联盟被重新排序","直接后果：申及其他集团与王室关系破裂；中期影响：为镐京陷落提供关键政治条件，但不能以单一家庭故事解释王朝覆亡","states/royal-court/late-crises.tex","传世叙事保存事件顺序与政治记忆；成书、编纂与文学化使对白、动机、数字和精确细节不可视为现场记录。","B"
"WZ-771-SHEN-RONG-ALLIANCE","前771年前后","申、犬戎及周王室相关集团","申侯与犬戎等力量进入镐京危机，王室军事联盟瓦解","结局可靠；联盟构成、犬戎身份与行动过程有争议","国语·郑语、周语；左传昭公二十六年；史记·周本纪；清华简相关研究线索","犬戎名称与西北考古；前771年联盟和史事重建研究","触发因素：继承冲突与西部安全体系破裂；使能条件：地方集团掌握独立军事和交通资源","直接后果：镐京陷落与幽王死的直接背景；中期影响：王室被迫转向成周，西周的王畿政治网络断裂","states/royal-court/late-crises.tex","传世叙事与出土或物质材料可交叉核对最小事实；器物、文本的年代与出土语境，以及其同叙事的对应，仍须逐项核验。","A"
"WZ-POST-771-RITUAL-MEMORY","西周末至东周初的衔接（前771—前770年前后）","周","镐京失守后，宗庙、礼器与王统记忆随东迁而被重新安置和解释","东迁可靠；具体迁移物资与仪式过程材料不足","史记·周本纪；竹书纪年；西周晚期金文与东周早期考古","西周—东周断裂与延续；礼器、宗庙和王室记忆的迁移研究","直接后果：旧王畿的物质与军事基础难以恢复；使能条件：成周既有王室节点仍可承接部分礼仪名分","直接后果：平王东迁获得制度与象征条件；中期影响：周王室保留共主语言，却不再拥有西周式资源中心","common/culture-thought.tex","传世叙事与出土或物质材料可交叉核对最小事实；器物、文本的年代与出土语境，以及其同叙事的对应，仍须逐项核验。","B"
"WZ-1046-THREE-GUARDS","周初（传统系年不定）","周、殷遗民与管蔡","武王以管叔、蔡叔、霍叔监守武庚与殷遗民","传世叙事可用；职权不明","《史记·管蔡世家》；《尚书·大诰》","武王以管叔、蔡叔、霍叔监守武庚与殷遗民的材料层次、年代与区域比较研究","征服后商都仍是东方最敏感的政治资源","宗室监督与旧商代理并置，构成摄政冲突背景","states/royal-court/foundation-and-regency.tex","后出史学编纂可维系事件序列；其取舍、正统叙事与人物塑形不能单独确证动机、数字或细节。","C"
"WZ-EARLY-LU-FOUNDATION","周初至成王时期","周与鲁","伯禽受封鲁地并经营曲阜据点","受封可信；初期疆域不定","《史记·鲁周公世家》；曲阜周公庙遗址","伯禽受封鲁地并经营曲阜据点的材料层次、年代与区域比较研究","东部需要宗亲据点联结周人与地方人群","鲁成为东部支点，整合并非一次授土","states/eastern-network/enfeoffment-network.tex","传世叙事与出土或物质材料可交叉核对最小事实；器物、文本的年代与出土语境，以及其同叙事的对应，仍须逐项核验。","B"
"WZ-EARLY-QI-FOUNDATION","周初至成王时期","周与齐","姜尚家族受封营丘一带","谱系可用；营丘定位有争议","《史记·齐太公世家》；临淄早期遗存","姜尚家族受封营丘一带的材料层次、年代与区域比较研究","山东通道须由功臣网络经营","齐的建国叙事连接军功、资源与名分","states/eastern-network/enfeoffment-network.tex","后出史学编纂可维系事件序列；其取舍、正统叙事与人物塑形不能单独确证动机、数字或细节。","B"
"WZ-EARLY-YAN-FOUNDATION","周初至成王时期","周与燕","召公家族在燕地建立封国中心","始封传统稳；始封者有争论","《史记·燕召公世家》；燕侯盂；琉璃河遗址","召公家族在燕地建立封国中心的材料层次、年代与区域比较研究","北方通道需要宗族与礼器资源的中介","燕地墓葬显示地方精英网络逐步形成","states/eastern-network/settlement-and-enfeoffment.tex","传世叙事与出土或物质材料可交叉核对最小事实；器物、文本的年代与出土语境，以及其同叙事的对应，仍须逐项核验。","B"
"WZ-EARLY-WEI-FOUNDATION","周初东征前后","周与卫","康叔受命经营殷墟周边卫国网络","关联可信；迁移地点不明","《尚书·康诰》；《史记·卫康叔世家》；殷墟西周遗存","康叔受命经营殷墟周边卫国网络的材料层次、年代与区域比较研究","旧商核心区需要密集监督与行政交接","卫将原商都纳入周的宗法名分","states/eastern-network/settlement-and-enfeoffment.tex","后出史学编纂可维系事件序列；其取舍、正统叙事与人物塑形不能单独确证动机、数字或细节。","C"
"WZ-1040-WUGENG-SUPPRESSION","周公东征阶段","周与武庚","周军平定武庚及其盟附势力","次序可靠；战场兵力不明","《尚书·大诰》；《史记·周本纪》；《逸周书》相关篇","周军平定武庚及其盟附势力的材料层次、年代与区域比较研究","摄政权威受宗室和旧商势力共同挑战","武庚失去代理地位，殷民安置转为难题","states/royal-court/foundation-and-regency.tex","后出史学编纂可维系事件序列；其取舍、正统叙事与人物塑形不能单独确证动机、数字或细节。","B"
"WZ-1040-GUAN-SHU-PUNISHMENT","周公东征后","周","管叔被诛，成为宗室惩戒记忆","结局见于史书；审断不明","《史记·管蔡世家》；《左传·僖公二十四年》","管叔被诛，成为宗室惩戒记忆的材料层次、年代与区域比较研究","三监瓦解后须表明叛乱不能由血缘赦免","后世以此界定周公功业和宗支风险","states/royal-court/foundation-and-regency.tex","传世叙事保存事件顺序与政治记忆；成书、编纂与文学化使对白、动机、数字和精确细节不可视为现场记录。","C"
"WZ-1040-CAI-SHU-EXILE","周公东征后","周与蔡","蔡叔被放逐，蔡仲续封的谱系形成","叙事可见；地点与续封年不明","《史记·管蔡世家》；《左传·昭公十一年》","蔡叔被放逐，蔡仲续封的谱系形成的材料层次、年代与区域比较研究","周室须区别可清除者与可重新纳入的宗支","蔡氏叙事将惩罚与再整合并列","states/royal-court/foundation-and-regency.tex","传世叙事保存事件顺序与政治记忆；成书、编纂与文学化使对白、动机、数字和精确细节不可视为现场记录。","B"
"WZ-1040-KANG-SHU-RELOCATION","东征后安置阶段","周与卫","康叔在卫地承担殷民治理职责","过程可推；路线规模不明","《酒诰》；《梓材》；《史记·卫康叔世家》","康叔在卫地承担殷民治理职责的材料层次、年代与区域比较研究","武庚覆灭后须建立持续地方命令","卫成为整合旧都人群的重要个案","states/eastern-network/settlement-and-enfeoffment.tex","后出史学编纂可维系事件序列；其取舍、正统叙事与人物塑形不能单独确证动机、数字或细节。","C"
"WZ-1030S-BOQIN-LU-SETTLEMENT","成王时期说","鲁与周","伯禽就国与礼俗整合的叙事流传","故事后出；细节不可坐实","《史记·鲁周公世家》；《汉书·地理志》","伯禽就国与礼俗整合的叙事流传的材料层次、年代与区域比较研究","封国须把周人礼仪同本地土地人群相接","该故事成为鲁国历史资源","states/eastern-network/enfeoffment-network.tex","后出史学编纂可维系事件序列；其取舍、正统叙事与人物塑形不能单独确证动机、数字或细节。","C"
"WZ-1030S-YAN-LIULIHE","西周早期","燕与周","琉璃河城址、墓地和燕侯器显示中心稳定化","考古可靠；墓主身份有讨论","琉璃河发掘报告；燕侯旨鼎；燕侯盂","琉璃河城址、墓地和燕侯器显示中心稳定化的材料层次、年代与区域比较研究","北方封国需城址墓地固定新精英","燕的中心具有连续建设过程","states/eastern-network/settlement-and-enfeoffment.tex","出土或物质材料可确认器物、称号、文本或局部实践；年代、出土语境和外推范围有限，不能单独复原完整事件过程。","C"
"WZ-1030S-JIN-TANGSHU","西周早期传统","周与晋","唐叔虞受封唐、后称晋的谱系叙事","传统可追；改称过程不定","《史记·晋世家》；天马—曲村墓地","唐叔虞受封唐、后称晋的谱系叙事的材料层次、年代与区域比较研究","汾河流域须由宗亲据点联结资源交通","晋的身份应由谱系和考古并读","states/eastern-network/enfeoffment-network.tex","传世叙事与出土或物质材料可交叉核对最小事实；器物、文本的年代与出土语境，以及其同叙事的对应，仍须逐项核验。","B"
"WZ-EARLY-KANG-GAO","周初东征后","周与卫","《康诰》讨论殷民刑罚、祭祀与治理","主题可靠；成篇层累有争议","《尚书·康诰》；清华简《书》类材料","《康诰》讨论殷民刑罚、祭祀与治理的材料层次、年代与区域比较研究","安置旧商人群须兼顾惩戒和祭祀权威","“德”“刑”并用成为早周统治线索","states/eastern-network/settlement-and-enfeoffment.tex","传世叙事与出土或物质材料可交叉核对最小事实；器物、文本的年代与出土语境，以及其同叙事的对应，仍须逐项核验。","C"
"WZ-EARLY-JIU-GAO","周初至成王时期说","周与卫","《酒诰》以酒与殷民风俗提出训诫","背景可见；对象与颁布年不明","《尚书·酒诰》；历代尚书注疏","《酒诰》以酒与殷民风俗提出训诫的材料层次、年代与区域比较研究","统治集团将旧俗描述为秩序风险","文本保存文化归因服务整合的方式","states/eastern-network/settlement-and-enfeoffment.tex","传世文献可保存政治语言或仪式传统；成文、传本与语境层次须辨明，不能直接还原事件现场。","C"
"WZ-EARLY-ZI-CAI","周初至成王时期说","周与卫","《梓材》呈现筑城、用材和治民语言","篇章可读；是否一次训令不明","《尚书·梓材》；清华简《书》类比较","《梓材》呈现筑城、用材和治民语言的材料层次、年代与区域比较研究","城邑建设劳役官员责任需纳入王命","提示行政想象，不等同工程档案","states/eastern-network/settlement-and-enfeoffment.tex","传世叙事与出土或物质材料可交叉核对最小事实；器物、文本的年代与出土语境，以及其同叙事的对应，仍须逐项核验。","B"
"WZ-EARLY-DUO-SHI","周初东征后","周与殷遗民","《多士》安抚并责令旧商贵族","场景可辨；讲话次数有争议","《尚书·多士》；清华简《系年》","《多士》安抚并责令旧商贵族的材料层次、年代与区域比较研究","征服者须解释天命转移并索取服役","殷民被纳入王命叙述框架","states/eastern-network/chengzhou-and-eastern-settlement.tex","传世叙事与出土或物质材料可交叉核对最小事实；器物、文本的年代与出土语境，以及其同叙事的对应，仍须逐项核验。","C"
"WZ-EARLY-DUO-FANG","成王后期说","周与东方诸方","《多方》界定方国和旧商人群责任","主题可信；文本年代未定","《尚书·多方》；《逸周书》相关篇","《多方》界定方国和旧商人群责任的材料层次、年代与区域比较研究","多个集团须重新定位于贡役体系","王室以分类训诫处理差异政治体","states/eastern-network/chengzhou-and-eastern-settlement.tex","传世文献可保存政治语言或仪式传统；成文、传本与语境层次须辨明，不能直接还原事件现场。","C"
"WZ-EARLY-ZHOUYUAN-ORACLES","西周早期","周王畿","周原甲骨记录祭祀、田猎和占问","材料可靠；王年主体有分歧","周原甲骨文；周原遗址发掘报告","周原甲骨记录祭祀、田猎和占问的材料层次、年代与区域比较研究","祭祀军旅行动需要重复决策程序","甲骨补足王朝叙事的日常面向","states/royal-court/foundation-and-regency.tex","出土或物质材料可确认器物、称号、文本或局部实践；年代、出土语境和外推范围有限，不能单独复原完整事件过程。","C"
"WZ-EARLY-FENGHAO-URBAN","西周早期至中期","宗周王畿","丰镐宫区居址墓地形成双都组合","趋势可靠；人口规模不明","丰镐遗址报告；沣西车马坑资料","丰镐宫区居址墓地形成双都组合的材料层次、年代与区域比较研究","祭祀军队工坊需要稳定空间配置","宗周成为调度中心，维系成本随网络扩大","common/economy-society.tex","出土或物质材料可确认器物、称号、文本或局部实践；年代、出土语境和外推范围有限，不能单独复原完整事件过程。","C"
"WZ-EARLY-CHENGZHOU-ADMIN","成王至康王时期","周","成周仓储道路居住区支撑王室东行","建设可见；机构名称不确证","洛阳成周遗址；何尊铭文","成周仓储道路居住区支撑王室东行的材料层次、年代与区域比较研究","东方经营需接待朝会转运物资的节点","成周使王室能够直接介入东方事务","states/eastern-network/chengzhou-and-eastern-settlement.tex","出土或物质材料可确认器物、称号、文本或局部实践；年代、出土语境和外推范围有限，不能单独复原完整事件过程。","B"
"WZ-KANG-GU-MING","康王初立","周","《顾命》《康王之诰》描述继承仪式","继承可靠；礼仪经文本塑形","《尚书·顾命》；《康王之诰》；《史记·周本纪》","《顾命》《康王之诰》描述继承仪式的材料层次、年代与区域比较研究","成王去世须转交辅政宗庙受命程序","文本将继承呈现为群臣协作过程","states/royal-court/cheng-kang-mu.tex","后出史学编纂可维系事件序列；其取舍、正统叙事与人物塑形不能单独确证动机、数字或细节。","C"
"WZ-KANG-YIHOU-ZE-GUI","康王时期说","周与宜侯","宜侯夨簋记王命、赐土与宜侯事务","器铭可靠；地名性质有争议","宜侯夨簋铭文；《史记·吴太伯世家》","宜侯夨簋记王命、赐土与宜侯事务的材料层次、年代与区域比较研究","边缘据点需由王命资源确认承担者","器铭为东南政治配置提供证据","states/eastern-network/enfeoffment-network.tex","传世叙事与出土或物质材料可交叉核对最小事实；器物、文本的年代与出土语境，以及其同叙事的对应，仍须逐项核验。","C"
"WZ-KANG-XIAOYU-DING","西周早期（多系康王）","周与北方政治体","小盂鼎记军事行动、俘获和赏赐","器铭可靠；敌名战场不定","小盂鼎铭文；早周军旅金文","小盂鼎记军事行动、俘获和赏赐的材料层次、年代与区域比较研究","王室须把贵族战功转化为荣誉","征伐俘获与礼器赏赐相互连接","frontiers/western-pressure.tex","出土或物质材料可确认器物、称号、文本或局部实践；年代、出土语境和外推范围有限，不能单独复原完整事件过程。","B"
"WZ-EARLY-JIN-MARQUIS-CEMETERY","西周早期至晚期","晋与周","天马—曲村晋侯墓地显示家族持续祭祀","层位可靠；墓主对应有讨论","天马—曲村发掘报告；晋侯器铭","天马—曲村晋侯墓地显示家族持续祭祀的材料层次、年代与区域比较研究","宗亲政权须以墓地礼器维持资格","地方精英资源在长期墓葬中积累可见","states/eastern-network/enfeoffment-network.tex","出土或物质材料可确认器物、称号、文本或局部实践；年代、出土语境和外推范围有限，不能单独复原完整事件过程。","C"
"WZ-EARLY-GUO-CEMETERY","西周中晚期","虢与周","三门峡虢国墓地保留车马礼器外来物资","考古可靠；支系世系不全确定","三门峡虢国墓地；虢季子白器群","三门峡虢国墓地保留车马礼器外来物资的材料层次、年代与区域比较研究","王族支系据守要道需表现政治地位","墓地显示封国连接王畿与多条路线","states/eastern-network/enfeoffment-network.tex","出土或物质材料可确认器物、称号、文本或局部实践；年代、出土语境和外推范围有限，不能单独复原完整事件过程。","C"
"WZ-EARLY-ZHANGJIAPO-CEMETERY","西周早期至中期","宗周贵族社会","张家坡等级墓葬和车马遗存反映分层","资料可靠；墓主官职多属推定","张家坡西周墓地报告；金文族徽","张家坡等级墓葬和车马遗存反映分层的材料层次、年代与区域比较研究","贵族须以墓地车马确认继承次序","考古使礼制的家族时期差异可见","common/culture-thought.tex","出土或物质材料可确认器物、称号、文本或局部实践；年代、出土语境和外推范围有限，不能单独复原完整事件过程。","B"
"WZ-EARLY-ZHOUYUAN-ARCHIVES","西周早期","周原王畿","周原卜骨窖藏显示占卜材料集中保存","遗存可靠；保管机构不明","周原甲骨窖藏；扶风齐家遗址","周原卜骨窖藏显示占卜材料集中保存的材料层次、年代与区域比较研究","频繁决策产生需分类取用的记录","早周权力也依赖积累的材料实践","states/royal-court/cheng-kang-mu.tex","出土或物质材料可确认器物、称号、文本或局部实践；年代、出土语境和外推范围有限，不能单独复原完整事件过程。","C"
"WZ-EARLY-BRONZE-STANDARDIZATION","西周早期至中期","周王畿与封国","多地礼器组合和铭文格式出现规范化","趋势可见；无统一标准证据","周原丰镐琉璃河礼器；金文数据库","多地礼器组合和铭文格式出现规范化的材料层次、年代与区域比较研究","册命祭祀需共享可识别身份符号","器物格式增强网络可读性并保留地方风格","common/culture-thought.tex","出土或物质材料可确认器物、称号、文本或局部实践；年代、出土语境和外推范围有限，不能单独复原完整事件过程。","C"
"WZ-EARLY-ROYAL-HUNTING","西周早期至中期","周王畿与近畿贵族","甲骨金文所见田猎兼具训练祭祀","活动可见；路线次数不明","周原田猎卜辞；西周田猎金文","甲骨金文所见田猎兼具训练祭祀的材料层次、年代与区域比较研究","王室须检验车马随从贵族协作","田猎成为移动分配的治理场景","frontiers/western-pressure.tex","出土或物质材料可确认器物、称号、文本或局部实践；年代、出土语境和外推范围有限，不能单独复原完整事件过程。","C"
"WZ-EARLY-RITUAL-CALENDAR","西周早期至中期","周","金文月相干支祭祀日期形成时间记录","日期可靠；换算常有歧义","西周有铭铜器历日；金文历谱","金文月相干支祭祀日期形成时间记录的材料层次、年代与区域比较研究","命令祭祀须使行动能被后人辨识","日期提供序列，也暴露绝对年限度","common/chronology.tex","出土或物质材料可确认器物、称号、文本或局部实践；年代、出土语境和外推范围有限，不能单独复原完整事件过程。","B"
"WZ-MU-LU-XING","穆王时期归属说","周与吕侯","《吕刑》以刑罚审讯语言联系穆王吕侯","归属不确证；文本层次复杂","《尚书·吕刑》；清华简《书》研究","《吕刑》以刑罚审讯语言联系穆王吕侯的材料层次、年代与区域比较研究","纠纷惩戒需表述为程序和王权责任","不可将篇章直接等同成文法典","states/royal-court/cheng-kang-mu.tex","传世叙事与出土或物质材料可交叉核对最小事实；器物、文本的年代与出土语境，以及其同叙事的对应，仍须逐项核验。","C"
"WZ-MU-JIONG-MING","穆王时期归属说","周","《冏命》称穆王命伯冏整饬朝廷","传世归属较晚；官职难证","《尚书·冏命》；尚书今古文研究","《冏命》称穆王命伯冏整饬朝廷的材料层次、年代与区域比较研究","近侍车马命令传递存在失序风险","保存以职责解释王权的传统","states/royal-court/cheng-kang-mu.tex","传世文献可保存政治语言或仪式传统；成文、传本与语境层次须辨明，不能直接还原事件现场。","C"
"WZ-MU-XUNYOU-TRADITION","穆王故事的后世书写","周王传统与后世作者","《穆天子传》编织穆王西行会见叙事","后出文本；不可确证行程","《穆天子传》；汲冢书整理史","《穆天子传》编织穆王西行会见叙事的材料层次、年代与区域比较研究","后世将跨区域王权投射到强王身上","远行形象流传深远，须与金文分开","common/culture-thought.tex","核心来源足以定位最小日期或相对次序；其文体、保存过程与覆盖范围仍限制对动机、数字、路线和执行程度的判断。","B"
"WZ-MU-XURONG-TRADITION","穆王时期传统","周与西北政治体","后出材料记穆王对徐戎或西北集团征伐","层次不一；敌名胜负不定","《竹书纪年》；《史记·周本纪》","后出材料记穆王对徐戎或西北集团征伐的材料层次、年代与区域比较研究","通道牧业威望引发长期边缘接触","不能据此划定单次战争疆界","frontiers/western-pressure.tex","后出史学编纂可维系事件序列；其取舍、正统叙事与人物塑形不能单独确证动机、数字或细节。","B"
"WZ-MID-ZHAO-ACCESSION","昭王即位期","周","昭王进入王位序列，后世突出其南征","王序较可靠；绝对年不明","《史记·周本纪》；史墙盘王系","昭王进入王位序列，后世突出其南征的材料层次、年代与区域比较研究","继承后仍须维持远方网络要求","为评估远征风险提供年代框架","states/royal-court/cheng-kang-mu.tex","传世叙事与出土或物质材料可交叉核对最小事实；器物、文本的年代与出土语境，以及其同叙事的对应，仍须逐项核验。","C"
"WZ-MID-SOUTH-ROUTE-INSCRIPTIONS","西周中期","周与南方政治体","器物分布显示汉水东南方向持续接触","接触可靠；路线不成单线","南方出土西周铜器；汉水流域考古","器物分布显示汉水东南方向持续接触的材料层次、年代与区域比较研究","铜料河道地方联盟提供行动诱因","更长后勤信息链增加王室负担","frontiers/southern-expansion.tex","出土或物质材料可确认器物、称号、文本或局部实践；年代、出土语境和外推范围有限，不能单独复原完整事件过程。","C"
"WZ-MID-XIAOCHEN-DAN","西周中期","周与南方政治体","小臣单觯记近臣参与南方军旅或俘获","器铭可靠；对象地望不定","小臣单觯铭文；西周青铜器全集","小臣单觯记近臣参与南方军旅或俘获的材料层次、年代与区域比较研究","远方行动须由近臣车马向导协作","个人军功被纳入王室秩序","frontiers/southern-expansion.tex","出土或物质材料可确认器物、称号、文本或局部实践；年代、出土语境和外推范围有限，不能单独复原完整事件过程。","C"
"WZ-MID-MAI-FANG-ZUN","西周中期","周与淮夷方向政治体","麦方尊记贵族处理东方军政事务","铭文存在；对象有异说","麦方尊铭文；东南金文资料","麦方尊记贵族处理东方军政事务的材料层次、年代与区域比较研究","东部安全须赋予贵族区域职责","受命行动反映东方压力反复出现","frontiers/southern-expansion.tex","出土或物质材料可确认器物、称号、文本或局部实践；年代、出土语境和外推范围有限，不能单独复原完整事件过程。","C"
"WZ-MID-CELING-FANGZUN","西周中期","周","夨令方尊记受命者参与成周事务受赏","器铭可靠；王名地名有争议","夨令方尊铭文；何尊比较材料","夨令方尊记受命者参与成周事务受赏的材料层次、年代与区域比较研究","双都需贵族转运王命物资礼仪","成周并非纯象征性都城","states/eastern-network/chengzhou-and-eastern-settlement.tex","出土或物质材料可确认器物、称号、文本或局部实践；年代、出土语境和外推范围有限，不能单独复原完整事件过程。","C"
"WZ-MID-JING-FANGDING","西周中期","周与东方政治体","静方鼎保存军功赏赐地域行动记录","器物可靠；战役关联未定","静方鼎铭文；相关墓葬资料","静方鼎保存军功赏赐地域行动记录的材料层次、年代与区域比较研究","王室须将边缘战功同赏赐绑定","铭文提示战争具有多点性质","frontiers/southern-expansion.tex","出土或物质材料可确认器物、称号、文本或局部实践；年代、出土语境和外推范围有限，不能单独复原完整事件过程。","B"
"WZ-MID-GONG-ACCESSION","恭王即位期","周","恭王被列入中期王位序列","王序可靠；政务资料稀少","史墙盘；《史记·周本纪》","恭王被列入中期王位序列的材料层次、年代与区域比较研究","代际转换须更新宗庙谱系认可","史料沉默不能解释为政治停滞","states/royal-court/cheng-kang-mu.tex","传世叙事与出土或物质材料可交叉核对最小事实；器物、文本的年代与出土语境，以及其同叙事的对应，仍须逐项核验。","C"
"WZ-MID-SHIYOU-GUI","西周中期","周","师酉簋记王命职务或赏赐","铭文可读；职掌有争议","师酉簋铭文；金文职官资料","师酉簋记王命职务或赏赐的材料层次、年代与区域比较研究","王室须以命辞财物令贵族承担职务","中期政治依靠个别确认运作","states/royal-court/cheng-kang-mu.tex","出土或物质材料可确认器物、称号、文本或局部实践；年代、出土语境和外推范围有限，不能单独复原完整事件过程。","C"
"WZ-MID-SONG-GUI","西周中期","周","颂簋记受命服事与铸器","器铭可靠；王世未定","颂簋；颂壶；同组器","颂簋记受命服事与铸器的材料层次、年代与区域比较研究","受命者需把朝廷服务嵌入祖先祭祀","短期任命延展为家族身份","states/royal-court/cheng-kang-mu.tex","出土或物质材料可确认器物、称号、文本或局部实践；年代、出土语境和外推范围有限，不能单独复原完整事件过程。","B"
"WZ-MID-WU-YOU","西周中期","周","吴盉吴方彝保留受赏祭祀片段","器物可靠；器名同形须谨慎","吴盉；吴方彝；青铜器著录","吴盉吴方彝保留受赏祭祀片段的材料层次、年代与区域比较研究","受赏者有动机保存往来细节","片段铭文不能代表全部社会关系","common/culture-thought.tex","出土或物质材料可确认器物、称号、文本或局部实践；年代、出土语境和外推范围有限，不能单独复原完整事件过程。","C"
"WZ-MID-LI-FANGYI","西周中期","周","盠方彝记册命财物或祭祀事项","铭文真实；受命内容未定","盠方彝铭文；同类方彝比较","盠方彝记册命财物或祭祀事项的材料层次、年代与区域比较研究","贵族以王室物资转写祭祀正当性","提供交换个案，不等同财政制度","common/culture-thought.tex","出土或物质材料可确认器物、称号、文本或局部实践；年代、出土语境和外推范围有限，不能单独复原完整事件过程。","C"
"WZ-MID-YI-ACCESSION","懿王即位期","周","懿王在中期王序中继位","王序有据；在位事迹不可靠","史墙盘；《竹书纪年》","懿王在中期王序中继位的材料层次、年代与区域比较研究","王位转换仍依赖谱系和贵族认可","材料稀疏提醒避免填补为事实","states/royal-court/cheng-kang-mu.tex","出土或物质材料可确认器物、称号、文本或局部实践；年代、出土语境和外推范围有限，不能单独复原完整事件过程。","B"
"WZ-MID-QI-AIGONG-TRADITION","懿王时期传统","周与齐","《史记》称周王烹齐哀公","记载孤立；人物动机有争议","《史记·齐太公世家》；《竹书纪年》","《史记》称周王烹齐哀公的材料层次、年代与区域比较研究","史家以严惩解释封国继承紧张","该故事不能确证一次处决","states/eastern-network/enfeoffment-network.tex","后出史学编纂可维系事件序列；其取舍、正统叙事与人物塑形不能单独确证动机、数字或细节。","C"
"WZ-MID-XIAOWANG-FEIZI","孝王时期传统","周与秦人","《秦本纪》称孝王使非子主马并号秦","核心可用；地点性质有争议","《史记·秦本纪》；汧渭地区先秦遗址资料","《秦本纪》称孝王使非子主马并号秦的材料层次、年代与区域比较研究","西部需要具牧养交通技能家族服务","秦人与周王名分关系被重新叙述","frontiers/western-pressure.tex","传世叙事与出土或物质材料可交叉核对最小事实；器物、文本的年代与出土语境，以及其同叙事的对应，仍须逐项核验。","C"
"WZ-MID-YIWANG-COURT-TRADITION","夷王时期传统","周与诸侯","夷王下堂见诸侯描绘礼仪变化","后出故事；不可量化衰弱","《史记·周本纪》；《国语·周语》","夷王下堂见诸侯描绘礼仪变化的材料层次、年代与区域比较研究","史家借礼仪失序讨论君臣名分","应同金文王命活动并读","states/royal-court/cheng-kang-mu.tex","传世叙事保存事件顺序与政治记忆；成书、编纂与文学化使对白、动机、数字和精确细节不可视为现场记录。","C"
"WZ-MID-QIONG-GUI","西周中期","周","册命类簋以月日王命赏赐固定关系","材料可靠；单器王年须辨析","中期册命簋铭；金文拓本","册命类簋以月日王命赏赐固定关系的材料层次、年代与区域比较研究","命令须能被家族重复验证","记录权集中于拥有礼器者","states/royal-court/cheng-kang-mu.tex","出土或物质材料可确认器物、称号、文本或局部实践；年代、出土语境和外推范围有限，不能单独复原完整事件过程。","C"
"WZ-MID-DAKE-DING","西周中期至晚期","周王畿贵族社会","大克鼎记克受命田宅祭祀祖先","器铭可靠；田宅性质有争论","大克鼎铭文；器物传承资料","大克鼎记克受命田宅祭祀祖先的材料层次、年代与区域比较研究","长期服务须有田宅贝等经济基础","王命与家产相互嵌合","common/economy-society.tex","出土或物质材料可确认器物、称号、文本或局部实践；年代、出土语境和外推范围有限，不能单独复原完整事件过程。","C"
"WZ-MID-SHIQIANG-PAN-ROYAL-LINEAGE","西周中期说","周","史墙盘列历王功业和微氏服务","器铭可靠；王序解释有异","史墙盘；微氏器群","史墙盘列历王功业和微氏服务的材料层次、年代与区域比较研究","家族须把功业置入历王谱系","王统与家族记忆同步保存","common/culture-thought.tex","出土或物质材料可确认器物、称号、文本或局部实践；年代、出土语境和外推范围有限，不能单独复原完整事件过程。","C"
"WZ-MID-WEI-SERVICES","西周中期至晚期","周王畿贵族社会","裘卫器记财物给付和服务关系","器组可靠；法律性质有争议","裘卫盉；裘卫簋；裘卫盘","裘卫器记财物给付和服务关系的材料层次、年代与区域比较研究","债务役使礼物往来须可追认","贵族关系也牵动资源流转","common/economy-society.tex","出土或物质材料可确认器物、称号、文本或局部实践；年代、出土语境和外推范围有限，不能单独复原完整事件过程。","C"
"WZ-MID-WEI-BEADS","西周中期至晚期","周王畿贵族社会","裘卫器所记贝马丝帛给付并列","项目可读；单位不可直换","裘卫诸器铭文；出土贝币资料","裘卫器所记贝马丝帛给付并列的材料层次、年代与区域比较研究","不同资源须按约定单位交割","提供货币化讨论而非单一结论","common/economy-society.tex","出土或物质材料可确认器物、称号、文本或局部实践；年代、出土语境和外推范围有限，不能单独复原完整事件过程。","C"
"WZ-MID-WEI-LAND","西周中期至晚期","周王畿贵族社会","卫器涉及田地邑落役属交割","材料重要；术语范围有争议","五祀卫鼎；九年卫鼎；卫盉","卫器涉及田地邑落役属交割的材料层次、年代与区域比较研究","资源跨家族转移需要见证铭文","说明权利可协商，非自由市场","common/economy-society.tex","出土或物质材料可确认器物、称号、文本或局部实践；年代、出土语境和外推范围有限，不能单独复原完整事件过程。","C"
"WZ-MID-HU-DING-EXCHANGE","西周中期","周王畿贵族社会","曶鼎记以马丝帛田地解决给付","器铭可靠；交易性质有争议","曶鼎铭文；西周经济史资料","曶鼎记以马丝帛田地解决给付的材料层次、年代与区域比较研究","资源争议须以可计量物项清算","成为理解交换关系的关键个案","common/economy-society.tex","出土或物质材料可确认器物、称号、文本或局部实践；年代、出土语境和外推范围有限，不能单独复原完整事件过程。","C"
"WZ-MID-DIAOSHENG-FIVE","西周中期","周王畿贵族社会","五年琱生簋记土地役属争议处置","器铭可据；人物关系有异","五年琱生簋；同组琱生器","五年琱生簋记土地役属争议处置的材料层次、年代与区域比较研究","资源权利冲突须借第三方仪式确认","纠纷写入礼器而获跨代效力","common/economy-society.tex","出土或物质材料可确认器物、称号、文本或局部实践；年代、出土语境和外推范围有限，不能单独复原完整事件过程。","B"
"WZ-MID-DIAOSHENG-SIX","西周中期","周王畿贵族社会","六年琱生簋继续保存资源确认","器铭可靠；案件连续性未定","六年琱生簋；金文历日资料","六年琱生簋继续保存资源确认的材料层次、年代与区域比较研究","前次确认未必消除解释空间","成对铭文显示处理具有延续性","common/economy-society.tex","出土或物质材料可确认器物、称号、文本或局部实践；年代、出土语境和外推范围有限，不能单独复原完整事件过程。","C"
"WZ-MID-SANSHI-PAN-WITNESSES","西周晚期","周王畿贵族社会","散氏盘列田界赔偿见证誓约","器铭可靠；涉地范围未定","散氏盘；西周地名研究","散氏盘列田界赔偿见证誓约的材料层次、年代与区域比较研究","田界争执涉及产出和家族荣誉","边界转为文本和器物记忆","common/economy-society.tex","出土或物质材料可确认器物、称号、文本或局部实践；年代、出土语境和外推范围有限，不能单独复原完整事件过程。","C"
"WZ-MID-ZHOUYUAN-STORAGE","西周中期","周原王畿","窖藏仓储作坊遗存反映集中处理物资","遗存可靠；储量不可精算","周原仓储报告；铸铜遗存；植物考古","窖藏仓储作坊遗存反映集中处理物资的材料层次、年代与区域比较研究","祭祀工坊军旅要求季节性积储","集中储存提高动员也形成脆弱环节","common/economy-society.tex","出土或物质材料可确认器物、称号、文本或局部实践；年代、出土语境和外推范围有限，不能单独复原完整事件过程。","B"
"WZ-LI-ACCESSION","厉王即位期","周","厉王进入晚西周王序，危机叙事集中其朝","王序可据；细节多后出","史墙盘；《史记·周本纪》；《国语·周语上》","厉王进入晚西周王序，危机叙事集中其朝的材料层次、年代与区域比较研究","边防赏赐贵族协调要求稳定资源","厉王成为解释王权危机的集中人物","states/royal-court/late-crises.tex","传世叙事与出土或物质材料可交叉核对最小事实；器物、文本的年代与出土语境，以及其同叙事的对应，仍须逐项核验。","C"
"WZ-LI-YU-DING","厉王时期说","周与南方政治体","禹鼎记鄂侯驭方冲突军政调动赏赐","器铭可信；战区规模有分歧","禹鼎；鄂侯驭方器群","禹鼎记鄂侯驭方冲突军政调动赏赐的材料层次、年代与区域比较研究","资源服从冲突须集中军力回应","南方控制仍依赖贵族军事中介","frontiers/southern-expansion.tex","出土或物质材料可确认器物、称号、文本或局部实践；年代、出土语境和外推范围有限，不能单独复原完整事件过程。","C"
"WZ-LI-EHOU-YUFANG","厉王时期说","周、鄂侯与南方政治体","鄂侯驭方器保存冲突不同线索","材料存在；叛字解释谨慎","鄂侯驭方鼎；鄂侯驭方簋","鄂侯驭方器保存冲突不同线索的材料层次、年代与区域比较研究","地方贵族与王室各有独立资源基础","多种器铭促使重估参与者后果","frontiers/southern-expansion.tex","出土或物质材料可确认器物、称号、文本或局部实践；年代、出土语境和外推范围有限，不能单独复原完整事件过程。","C"
"WZ-LI-SHANFU-KE","厉王时期说","周","善夫克器记王命田宅职掌确认","器铭可靠；职官解释不一","善夫克盨；克鼎","善夫克器记王命田宅职掌确认的材料层次、年代与区域比较研究","朝廷须以资源补偿承担事务贵族","行政责任依赖少数家族承接","states/royal-court/late-crises.tex","出土或物质材料可确认器物、称号、文本或局部实践；年代、出土语境和外推范围有限，不能单独复原完整事件过程。","C"
"WZ-LI-ROYAL-BRONZE-BUREAU","西周晚期","宗周王畿","长篇命辞礼器显示铸造书写能力延续","能力可见；官署统辖不确证","毛公鼎；禹鼎；丰镐铸铜遗址","长篇命辞礼器显示铸造书写能力延续的材料层次、年代与区域比较研究","王室要维持赏赐命令祭祀","复杂器铭显示资源须反复投入","common/economy-society.tex","出土或物质材料可确认器物、称号、文本或局部实践；年代、出土语境和外推范围有限，不能单独复原完整事件过程。","B"
"WZ-LI-COURT-REMONSTRANCE","厉王危机后出叙事","周","《国语》以召公谏王国人谤王解释冲突","对话不可作同时代记录","《国语·周语上》；《史记·周本纪》","《国语》以召公谏王国人谤王解释冲突的材料层次、年代与区域比较研究","史家以信息阻塞解释统治失灵","故事塑造厉王形象，须同金文并读","states/royal-court/late-crises.tex","传世叙事保存事件顺序与政治记忆；成书、编纂与文学化使对白、动机、数字和精确细节不可视为现场记录。","C"
"WZ-841-REGENTS-IDENTITY","共和时期（前841—前828年）","周","共和执政有二相与共伯和两种线索","起止年可靠；主体有争议","《国语·周语上》；《史记·周本纪》；《竹书纪年》","共和执政有二相与共伯和两种线索的材料层次、年代与区域比较研究","厉王出奔后祭祀军政不能无主","共和不宜套作现代政体概念","states/royal-court/late-crises.tex","传世叙事保存事件顺序与政治记忆；成书、编纂与文学化使对白、动机、数字和精确细节不可视为现场记录。","B"
"WZ-841-HEGONG-ALTERNATIVE","共和时期的共伯和说","周与卫系谱传统","竹书将共和与共伯和相连","后出传本；身份有争议","《竹书纪年》；清华简《系年》比较","竹书将共和与共伯和相连的材料层次、年代与区域比较研究","王统中断须由可承认者承接","异说使共和成为史料批判案例","states/royal-court/late-crises.tex","出土或物质材料可确认器物、称号、文本或局部实践；年代、出土语境和外推范围有限，不能单独复原完整事件过程。","B"
"WZ-841-CHRONOLOGY-ANCHOR","共和元年（前841年）","周与后世编年传统","共和元年成为传统连续纪年锚点","起年通行；此前绝对年靠推算","《史记·周本纪》；《资治通鉴前编》；金文历谱","共和元年成为传统连续纪年锚点的材料层次、年代与区域比较研究","编年者需要固定年代节点","有助排列王年，不能解决早期分歧","common/chronology.tex","传世叙事与出土或物质材料可交叉核对最小事实；器物、文本的年代与出土语境，以及其同叙事的对应，仍须逐项核验。","A"
"WZ-XUAN-ACCESSION-RITES","宣王初立（前828年）","周","宣王恢复王位，重建朝廷命令","即位年可靠；初年措施有限","《史记·周本纪》；《竹书纪年》；毛公鼎研究","宣王恢复王位，重建朝廷命令的材料层次、年代与区域比较研究","非常行政不能替代正式继承","中兴叙事获得制度起点","states/royal-court/late-crises.tex","传世叙事与出土或物质材料可交叉核对最小事实；器物、文本的年代与出土语境，以及其同叙事的对应，仍须逐项核验。","C"
"WZ-XUAN-GUOJI-ZIBAI","宣王时期说","周与北方政治体","虢季子白盘记奉王命征伐献俘","器铭可靠；敌名王世有争议","虢季子白盘；北方考古资料","虢季子白盘记奉王命征伐献俘的材料层次、年代与区域比较研究","西北压力要求王族支系远征","军功置入王命和祭祀叙事","frontiers/western-pressure.tex","出土或物质材料可确认器物、称号、文本或局部实践；年代、出土语境和外推范围有限，不能单独复原完整事件过程。","B"
"WZ-XUAN-DUOYOU-DING","宣王时期说","周与玁狁等","多友鼎记玁狁侵扰王师反击功劳","器铭可靠；地点战果有分歧","多友鼎；《诗经·六月》","多友鼎记玁狁侵扰王师反击功劳的材料层次、年代与区域比较研究","北方逼近交通线时须集中军力","压力可直接触及王畿周边","frontiers/western-pressure.tex","传世叙事与出土或物质材料可交叉核对最小事实；器物、文本的年代与出土语境，以及其同叙事的对应，仍须逐项核验。","B"
"WZ-XUAN-BUQI-GUI","宣王时期说","周与北方政治体","不其簋记受命抵御北方来袭获赏","器铭可靠；战地有异说","不其簋；西周军旅金文断代","不其簋记受命抵御北方来袭获赏的材料层次、年代与区域比较研究","前线告急需贵族迅速动员","奖赏使地方军功可被继承","frontiers/western-pressure.tex","出土或物质材料可确认器物、称号、文本或局部实践；年代、出土语境和外推范围有限，不能单独复原完整事件过程。","C"
"WZ-XUAN-XIJIA-PAN","宣王时期说","周与北方边地","兮甲盘记戍守贡纳马匹管理边务","器铭可靠；条款性质有争议","兮甲盘；《诗经·采薇》","兮甲盘记戍守贡纳马匹管理边务的材料层次、年代与区域比较研究","长期戍守需登记人马物资责任","边防依赖日常转运而非只是战斗","frontiers/western-pressure.tex","传世叙事与出土或物质材料可交叉核对最小事实；器物、文本的年代与出土语境，以及其同叙事的对应，仍须逐项核验。","C"
"WZ-XUAN-XIAOKE-DING","宣王时期说","周","小克鼎等克器记服务田宅赏赐","器物存在；王名有争议","小克鼎；克盨铭文","小克鼎等克器记服务田宅赏赐的材料层次、年代与区域比较研究","重建命令网络需补偿军政职责","中兴依赖家产和服务确认","states/royal-court/late-crises.tex","出土或物质材料可确认器物、称号、文本或局部实践；年代、出土语境和外推范围有限，不能单独复原完整事件过程。","C"
"WZ-XUAN-LAI-DING","宣王时期说","周","逨鼎回溯先祖受命家族关系","器铭可靠；王年有争议","逨鼎；逨盘","逨鼎回溯先祖受命家族关系的材料层次、年代与区域比较研究","地方贵族须证明服务跨代连续","旧功成为王室合作凭据","common/culture-thought.tex","出土或物质材料可确认器物、称号、文本或局部实践；年代、出土语境和外推范围有限，不能单独复原完整事件过程。","C"
"WZ-XUAN-LAI-PAN","西周晚期","周","逨盘列祖先事迹受命关系","一手材料；列王不可逐条等同史实","逨盘；史墙盘比较材料","逨盘列祖先事迹受命关系的材料层次、年代与区域比较研究","贵族以祖先功劳争取位置","为王系提供线索也反映选择记忆","common/culture-thought.tex","出土或物质材料可确认器物、称号、文本或局部实践；年代、出土语境和外推范围有限，不能单独复原完整事件过程。","C"
"WZ-XUAN-YIN-JIFU","宣王时期说","周与北方政治体","尹吉甫在军旅诗器物中被塑为重臣","人物可见；战役不定","《诗经·六月》；尹吉甫相关器","尹吉甫在军旅诗器物中被塑为重臣的材料层次、年代与区域比较研究","朝廷需要统筹军队文辞赏赐中介","中兴叙事获得可歌咏行动者","frontiers/western-pressure.tex","传世叙事与出土或物质材料可交叉核对最小事实；器物、文本的年代与出土语境，以及其同叙事的对应，仍须逐项核验。","C"
"WZ-XUAN-NANYUE-ODES","宣王时期说","周与江汉淮夷方向","江汉常武书写南方军政活动","记忆可见；战役作者不定","《诗经·江汉》；《诗经·常武》","江汉常武书写南方军政活动的材料层次、年代与区域比较研究","北方受压仍须维持南方资源通道","多方向动员提高财政协调要求","frontiers/southern-expansion.tex","传世文献可保存政治语言或仪式传统；成文、传本与语境层次须辨明，不能直接还原事件现场。","C"
"WZ-XUAN-SHENBO-XIE","宣王时期说","周与申伯","崧高叙申伯受命赴谢营邑赐土","诗篇可见；谢地性质有争议","《诗经·崧高》；南阳考古资料","崧高叙申伯受命赴谢营邑赐土的材料层次、年代与区域比较研究","南方交通联盟需要贵族支点","受命诗使营邑和宗族关系相连","frontiers/southern-expansion.tex","传世叙事与出土或物质材料可交叉核对最小事实；器物、文本的年代与出土语境，以及其同叙事的对应，仍须逐项核验。","C"
"WZ-XUAN-HAN-HOU","宣王时期说","周与韩侯","韩奕书写韩侯受命赴封北方关系","诗歌可用；封地事迹不可坐实","《诗经·韩奕》；毛传；韩地考古","韩奕书写韩侯受命赴封北方关系的材料层次、年代与区域比较研究","北方通道需安置承担防务封君","诗篇保留封建想象而不足复原边界","frontiers/western-pressure.tex","传世叙事与出土或物质材料可交叉核对最小事实；器物、文本的年代与出土语境，以及其同叙事的对应，仍须逐项核验。","B"
"WZ-XUAN-ZHENG-HUANGONG","宣王晚期传统","周与郑","郑桓公受封后寄居虢郐的谱系叙事","谱系可用；迁徙次序有整理痕迹","《史记·郑世家》；《国语·郑语》","郑桓公受封后寄居虢郐的谱系叙事的材料层次、年代与区域比较研究","王畿宗亲在资源紧张时寻找安置空间","为东迁护卫和中原立国提供条件","states/royal-court/late-crises.tex","传世叙事保存事件顺序与政治记忆；成书、编纂与文学化使对白、动机、数字和精确细节不可视为现场记录。","B"
"WZ-XUAN-HUAIYI-ACTIONS","宣王时期说","周与淮夷东方封国","诗歌金文考古显示淮夷方向反复接触","趋势可靠；淮夷所指不明","东部西周金文；淮河流域考古","诗歌金文考古显示淮夷方向反复接触的材料层次、年代与区域比较研究","东方通道封国安全需持续维护","边缘治理成为长期成本","frontiers/southern-expansion.tex","出土或物质材料可确认器物、称号、文本或局部实践；年代、出土语境和外推范围有限，不能单独复原完整事件过程。","B"
"WZ-XUAN-JIANGRONG-TRADITION","宣王晚期传统","周与姜戎等","后出材料记千亩受挫姜戎冲突","材料较晚；地点败绩不确证","《国语·周语上》；《竹书纪年》","后出材料记千亩受挫姜戎冲突的材料层次、年代与区域比较研究","长期戍守可能削弱王室余力","只提供危机背景，不能归结覆亡","frontiers/western-pressure.tex","传世叙事保存事件顺序与政治记忆；成书、编纂与文学化使对白、动机、数字和精确细节不可视为现场记录。","C"
"WZ-LATE-KE-DING-ESTATE","西周晚期","周王畿贵族社会","克鼎田宅贝王命被保存为凭据","铭文可信；权利属性有分歧","克鼎铭文；西周土地语汇资料","克鼎田宅贝王命被保存为凭据的材料层次、年代与区域比较研究","服务无物资支撑便难持续","政治奖励转化为长期家产","common/economy-society.tex","出土或物质材料可确认器物、称号、文本或局部实践；年代、出土语境和外推范围有限，不能单独复原完整事件过程。","C"
"WZ-LATE-BRONZE-STYLE","西周晚期","周王畿与诸侯贵族社会","礼器纹饰器形铭文出现区域化变化","趋势可靠；不等于衰亡","晚西周青铜器类型学；诸侯墓地资料","礼器纹饰器形铭文出现区域化变化的材料层次、年代与区域比较研究","工匠原料消费偏好发生调整","区域差异成为资源配置窗口","common/culture-thought.tex","出土或物质材料可确认器物、称号、文本或局部实践；年代、出土语境和外推范围有限，不能单独复原完整事件过程。","C"
"WZ-LATE-ZHOUYUAN-ABANDONMENT","西周末至东周初","周原王畿","部分周原聚落窖藏出现中断转变","分期可见；不可全归因前771年","周原晚期层位；扶风考古报告","部分周原聚落窖藏出现中断转变的材料层次、年代与区域比较研究","交通改向动荡人口流动共同影响地方","西部基础受损节奏因地点而异","common/economy-society.tex","出土或物质材料可确认器物、称号、文本或局部实践；年代、出土语境和外推范围有限，不能单独复原完整事件过程。","C"
"WZ-YOU-ACCESSION","幽王即位期","周","幽王继承宣王，进入最后一代统治","王序可靠；初年资料不足","《史记·周本纪》；晚西周金文断代","幽王继承宣王，进入最后一代统治的材料层次、年代与区域比较研究","继承须在边防负担贵族竞争中完成","覆亡叙事不应遮蔽早期结构压力","states/royal-court/late-crises.tex","传世叙事与出土或物质材料可交叉核对最小事实；器物、文本的年代与出土语境，以及其同叙事的对应，仍须逐项核验。","C"
"WZ-YOU-BAOSI-TRADITION","幽王时期后出叙事","周、褒姒与诸侯","褒姒烽火失信诸侯故事流传","影响极大；烽火无同时代证据","《史记·周本纪》；《吕氏春秋》相关篇","褒姒烽火失信诸侯故事流传的材料层次、年代与区域比较研究","史家倾向以宫廷宠幸解释复杂危机","传说不能替代联盟继承边防分析","states/royal-court/late-crises.tex","《春秋》保存鲁国编年骨架；其极简且鲁国中心的记载不能单独证明动机、谈判、战术或鲁国外的完整局势。","C"
"WZ-YOU-YIJUI-REMOVAL","幽王时期传统","周与宜臼褒姒家族","幽王废申后太子宜臼，改立伯服","框架可信；程序动机有争议","《国语·郑语》；《史记·周本纪》；《左传·昭公二十六年》","幽王废申后太子宜臼，改立伯服的材料层次、年代与区域比较研究","嫡庶名分与外戚婚姻联盟交织","宫廷冲突外溢至申郑晋关系","states/royal-court/late-crises.tex","传世叙事保存事件顺序与政治记忆；成书、编纂与文学化使对白、动机、数字和精确细节不可视为现场记录。","B"
"WZ-YOU-YIJIOU-APPOINTMENT","幽王末年传统","周与宜臼","宜臼在申地或诸侯支持下保有继承地位","叙事可见；居处程序不明","《史记·周本纪》；《国语·郑语》","宜臼在申地或诸侯支持下保有继承地位的材料层次、年代与区域比较研究","被废太子仍有外家诸侯支持","为东迁后合法性争议埋下伏线","states/royal-court/late-crises.tex","传世叙事保存事件顺序与政治记忆；成书、编纂与文学化使对白、动机、数字和精确细节不可视为现场记录。","C"
"WZ-YOU-SHEN-MARQUIS-CONFLICT","幽王末年","周与申侯","申侯同幽王关系破裂被置于危机中心","破裂可信；动机难复原","《国语·郑语》；《史记·周本纪》；《竹书纪年》","申侯同幽王关系破裂被置于危机中心的材料层次、年代与区域比较研究","废后废太子改变申地政治利益","申侯成为反幽王联盟重要节点","states/royal-court/late-crises.tex","传世叙事保存事件顺序与政治记忆；成书、编纂与文学化使对白、动机、数字和精确细节不可视为现场记录。","B"
"WZ-YOU-QUANRONG-ALLIANCE","幽王末年（约前771年）","申、犬戎与周","申侯联合犬戎攻周的叙事解释防线失守","框架可据；路线条款有争议","《史记·周本纪》；《竹书纪年》","申侯联合犬戎攻周的叙事解释防线失守的材料层次、年代与区域比较研究","内部裂解给边缘武装进入关中机会","镐京防御突破，西部中心丧失","frontiers/western-pressure.tex","后出史学编纂可维系事件序列；其取舍、正统叙事与人物塑形不能单独确证动机、数字或细节。","B"
"WZ-771-MARQUIS-ZHENG-ESCORT","前771至前770年间","郑与周王室","郑氏家族在危机东迁护卫中角色被强调","传统可见；人物先后有疑义","《史记·郑世家》；《左传·隐公元年》","郑氏家族在危机东迁护卫中角色被强调的材料层次、年代与区域比较研究","郑人在东部已有立足需求","与周室特殊联系得以延续","states/royal-court/late-crises.tex","传世叙事保存事件顺序与政治记忆；成书、编纂与文学化使对白、动机、数字和精确细节不可视为现场记录。","B"
"WZ-771-QIN-XIANG-ESCORT","前771至前770年间","秦与周王室","秦本纪称襄公护送平王，周赐岐西","关系受重述；规模界线有争议","《史记·秦本纪》；《竹书纪年》；早期秦考古","秦本纪称襄公护送平王，周赐岐西的材料层次、年代与区域比较研究","撤退后须借当地军事家族维持通道","秦的西部地位被重新定义","frontiers/western-pressure.tex","传世叙事与出土或物质材料可交叉核对最小事实；器物、文本的年代与出土语境，以及其同叙事的对应，仍须逐项核验。","C"
"WZ-771-LUOYI-RECEPTION","前771至前770年间","周与成周地区政治体","成周宫室祭祀交通节点承接东迁","东迁可靠；接收细节不足","《史记·周本纪》；洛阳东周王城考古","成周宫室祭祀交通节点承接东迁的材料层次、年代与区域比较研究","镐京陷落后旧中心提供名分基础","成周转为中心，资源远不及宗周","states/eastern-network/chengzhou-and-eastern-settlement.tex","传世叙事与出土或物质材料可交叉核对最小事实；器物、文本的年代与出土语境，以及其同叙事的对应，仍须逐项核验。","B"
"WZ-771-HOUJI-ALT","前771年后的王统论述","周与后世史家","后世以后稷文武谱系重申天命来源","传统久远；年代层次不可混同","《诗经·生民》；《史记·周本纪》","后世以后稷文武谱系重申天命来源的材料层次、年代与区域比较研究","失去关中资源后更须以祖先说明名分","祖先叙事帮助东周保留共主语言","common/culture-thought.tex","后出史学编纂可维系事件序列；其取舍、正统叙事与人物塑形不能单独确证动机、数字或细节。","C"
"WZ-771-JIN-WENHOU-SUPPORT","平王初年传统","晋与东周","晋文侯辅佐平王记忆见于晋国谱系","支持可见；行动封赏年不定","《史记·晋世家》；《竹书纪年》","晋文侯辅佐平王记忆见于晋国谱系的材料层次、年代与区域比较研究","东迁王室缺乏自有武力","晋支持增强合法性并预示诸侯依赖","states/royal-court/late-crises.tex","后出史学编纂可维系事件序列；其取舍、正统叙事与人物塑形不能单独确证动机、数字或细节。","C"
"WZ-LATE-FENGHAO-DESTRUCTION","前771年前后","宗周王畿","镐京遭劫，西部都城体系难恢复","结局可靠；破坏范围不一","丰镐晚期层位；《史记·周本纪》","镐京遭劫，西部都城体系难恢复的材料层次、年代与区域比较研究","防线崩溃使宫室仓储道路失去维护","宗周不再运作，军财基础收缩","states/royal-court/late-crises.tex","后出史学编纂可维系事件序列；其取舍、正统叙事与人物塑形不能单独确证动机、数字或细节。","C"
"WZ-LATE-ZHOUYUAN-SETTLEMENT","西周末至东周初","周原及关中居民","周原聚落在东迁后调整居住生产","趋势可见；去向不可逐村确定","周原区域调查；关中聚落分期","周原聚落在东迁后调整居住生产的材料层次、年代与区域比较研究","政治中心东移改变劳役贸易安全预期","关中以不同速度适应失去王都环境","common/economy-society.tex","核心来源足以定位最小日期或相对次序；其文体、保存过程与覆盖范围仍限制对动机、数字、路线和执行程度的判断。","B"
"WZ-LATE-LIULIHE-CONTINUITY","西周末至东周初","燕及北方封国","琉璃河遗存显示地方中心持续或重组","遗存可比；不可直连镐京事件","琉璃河晚期材料；燕国青铜器","琉璃河遗存显示地方中心持续或重组的材料层次、年代与区域比较研究","封国拥有城址墓地地方资源","网络解体不等于北方中心中断","states/eastern-network/enfeoffment-network.tex","出土或物质材料可确认器物、称号、文本或局部实践；年代、出土语境和外推范围有限，不能单独复原完整事件过程。","C"
"WZ-LATE-TIANMA-QUCUN","西周末至东周初","晋与周","天马曲村墓地跨期显示晋侯仪式连续","连续可靠；影响不能逐墓判断","天马曲村跨期分期；晋侯器铭","天马曲村墓地跨期显示晋侯仪式连续的材料层次、年代与区域比较研究","晋国宗亲有土地交通资源","为其介入东周事务提供家族基础","states/eastern-network/enfeoffment-network.tex","出土或物质材料可确认器物、称号、文本或局部实践；年代、出土语境和外推范围有限，不能单独复原完整事件过程。","C"
"WZ-LATE-CEMETERY-REGIONALITY","西周晚期至东周初","周及诸侯贵族社会","各地墓葬随葬铭文传统不同步变化","趋势可靠；不等于政治分裂","关中三晋燕鲁墓地资料","各地墓葬随葬铭文传统不同步变化的材料层次、年代与区域比较研究","王室资源减少使仪式依赖区域供给","地方化与共同礼器语汇并存","common/culture-thought.tex","出土或物质材料可确认器物、称号、文本或局部实践；年代、出土语境和外推范围有限，不能单独复原完整事件过程。","C"
"WZ-LATE-ODE-RITUAL","西周末至东周初传承过程","周与诸侯礼乐传统","雅颂在传抄解释中保存祭祀朝会记忆","层次复杂；编定时间较晚","《诗经·周颂》；《毛诗序》；出土诗简","雅颂在传抄解释中保存祭祀朝会记忆的材料层次、年代与区域比较研究","礼乐文本可保存共同历史语言","成为后世理解西周秩序资源","common/culture-thought.tex","传世叙事与出土或物质材料可交叉核对最小事实；器物、文本的年代与出土语境，以及其同叙事的对应，仍须逐项核验。","C"
"WZ-LATE-CLASSIC-TRANSMISSION","战国至汉代文献整理","周史传统与后世学者","尚书周书周本纪重构西周事件序列","传承可考；版本差异显著","《尚书》周书；《史记·周本纪》；清华简系年","尚书周书周本纪重构西周事件序列的材料层次、年代与区域比较研究","原始档案多不存，后人依传抄组织记忆","证据判断须纳入文本形成史","common/culture-thought.tex","传世叙事与出土或物质材料可交叉核对最小事实；器物、文本的年代与出土语境，以及其同叙事的对应，仍须逐项核验。","C"
"WZ-LATE-MEMORY-KING-LINEAGE","西周末至战国礼器记忆","周王统与贵族家族","史墙盘逨盘王系成为校核周序材料","器铭一手；省略修辞不可忽略","史墙盘；逨盘；《史记·周本纪》","史墙盘逨盘王系成为校核周序材料的材料层次、年代与区域比较研究","家族借列王祖先功业确认位置","有助重建年代，也须校正作者立场","common/chronology.tex","传世叙事与出土或物质材料可交叉核对最小事实；器物、文本的年代与出土语境，以及其同叙事的对应，仍须逐项核验。","C"
"WZ-771-EASTERN-ROYAL-TREASURY","东迁初期","东周王室","王室在成周重组礼器随从可用资源","结局可靠；清单机构不足","东周王城考古；西周青铜器流传研究","王室在成周重组礼器随从可用资源的材料层次、年代与区域比较研究","失去宗周仓储后须维持宗庙运作","资源收缩使王权更依赖诸侯贡献","../spring-autumn/states/zhou/royal-court.tex","出土或物质材料可确认器物、称号、文本或局部实践；年代、出土语境和外推范围有限，不能单独复原完整事件过程。","C"
"WZ-770-ROYAL-COURT-RECONSTITUTION","平王东迁初期","东周与诸侯","平王在洛邑重建朝廷朝会关系","东迁年可靠；初年官制有争议","《史记·周本纪》；《左传·隐公元年》；王城考古","平王在洛邑重建朝廷朝会关系的材料层次、年代与区域比较研究","成周节点诸侯支持使王室延续","保留礼仪优势，军政更受诸侯限制","../spring-autumn/states/zhou/royal-court.tex","传世叙事与出土或物质材料可交叉核对最小事实；器物、文本的年代与出土语境，以及其同叙事的对应，仍须逐项核验。","C"
"WZ-MID-SUIGONG-XU","西周中期","周","遂公盨记录禹德政与王室历史叙述","器铭可靠；文本关系有争议","遂公盨铭文；西周金文集成","遂公盨记录禹德政与王室历史叙述的材料层次、年代与区域比较研究","贵族需以古代治水叙事说明伦理","历史记忆也进入礼器政治","common/culture-thought.tex","出土或物质材料可确认器物、称号、文本或局部实践；年代、出土语境和外推范围有限，不能单独复原完整事件过程。","C"
"WZ-MID-SHIHU-GUI","西周中期","周","师虎簋记受命者朝廷服务作器祭祀","器铭可据；职务待释","师虎簋铭文；册命金文比较","师虎簋记受命者朝廷服务作器祭祀的材料层次、年代与区域比较研究","王命须经执行者转为日常事务","作器把职司经验固定为凭据","states/royal-court/cheng-kang-mu.tex","出土或物质材料可确认器物、称号、文本或局部实践；年代、出土语境和外推范围有限，不能单独复原完整事件过程。","C"
"WZ-YOU-THREE-RIVERS-TRADITION","幽王初年灾异后出叙事","周与后世史家","国语将三川竭岐山崩列为危机征兆","叙事较晚；年代自然事件不确证","《国语·周语下》；《史记·周本纪》","国语将三川竭岐山崩列为危机征兆的材料层次、年代与区域比较研究","后世以自然异常解释王朝失序","展示因果观念，不能替代环境史证据","states/royal-court/late-crises.tex","传世叙事保存事件顺序与政治记忆；成书、编纂与文学化使对白、动机、数字和精确细节不可视为现场记录。","C"
